{"sector": "Energy", "pe": 21.949379, "pe_ratio": 21.949379, "sector_pe_median": 25.0, "debt_to_equity": 36.653, "roe": 9.139, "dividend_yield": 0.45, "ratios": {"pe": 21.949379, "roe_5y": [], "debt_to_equity_trend": []}, "revenue_3y": [9010640000000.0, 9646930000000.0, 10572190000000.0], "net_profit_3y": [696210000000.0, 696480000000.0, 807750000000.0], "income_statement_5y": {"revenue": [8778350000000.0, 9010640000000.0, 9646930000000.0, 10572190000000.0], "net_profit": [667020000000.0, 696210000000.0, 696480000000.0, 807750000000.0], "eps": [49.290326907746994, 51.447360643522735, 51.46731265135622, 59.689756768511636]}, "cfo_3y": [1587880000000.0, 1787030000000.0, 1921130000000.0], "cashflow_5y": {"cfo": [1150320000000.0, 1587880000000.0, 1787030000000.0, 1921130000000.0], "capex": [1409880000000.0, 1528830000000.0, 1399670000000.0, 1229160000000.0]}, "balance_sheet_5y": {"total_debt": [3343920000000.0, 3461420000000.0, 3695750000000.0, 3980000000000.0], "book_value_per_share": [529.0, 586.35, 623.09, 668.04]}}