{"sector": "Technology", "pe": 14.67931, "pe_ratio": 14.67931, "sector_pe_median": 25.0, "debt_to_equity": 0.09827, "roe": 31.439, "dividend_yield": 4.37, "revenue_3y": [18562000000.0, 19277000000.0, 20158000000.0], "net_profit_3y": [3167000000.0, 3158000000.0, 3313000000.0], "income_statement_5y": {"revenue": [18212000000.0, 18562000000.0, 19277000000.0, 20158000000.0], "net_profit": [2981000000.0, 3167000000.0, 3158000000.0, 3313000000.0], "eps": [29.81, 31.67, 31.58, 33.13]}, "cfo_3y": [3148000000.0, 4351000000.0, 4039000000.0], "cashflow_5y": {"cfo": [2853000000.0, 3148000000.0, 4351000000.0, 4039000000.0], "capex": [319000000.0, 266000000.0, 263000000.0, 306000000.0]}, "balance_sheet_5y": {"total_debt": [1010000000.0, 1002000000.0, 962000000.0, 967000000.0], "book_value_per_share": [100, 110, 125, 140, 160]}}